ip,anonymityLevel,asn,country,isp,latency,org,port,protocols,responseTime,speed,updated_at,upTime,upTimeSuccessCount,upTimeTryCount
"188.132.146.23","elite","AS207474","TR","Hatnet Bilgi iletisim Teknolojileri ve Ticaret Limited Sirketi","182","Hatnet Bilgi iletisim Teknolojileri ve Ticaret Limited Sirketi","1080","socks4","4394","1","2023-08-15T10:42:07.520Z","94","3208","3399"
"109.86.228.165","elite","AS13188","UA","Triolan","83","N/A","5678","socks4","4495","2","2023-08-15T10:42:07.519Z","97","3278","3366"
"170.254.255.239","elite","AS52584","BR","Connect Fibra","294","Connect Fibra","45816","socks4","4107","1","2023-08-15T10:41:54.507Z","99","3338","3387"
"117.241.134.235","elite","AS9829","IN","BSNL Internet","195","N/A","5678","socks4","4499","2","2023-08-15T10:41:54.506Z","97","3274","3382"
"208.113.220.98","elite","AS26347","US","New Dream Network, LLC","85","New Dream Network, LLC","36869","socks5","5099","1","2023-08-15T10:41:54.503Z","100","3363","3369"
"93.171.224.57","elite","AS211570","UA","PE TV and Radio Company Kentavr-TV","92","PE TV and Radio Company Kentavr-TV","4153","socks4","4795","1","2023-08-15T10:41:54.505Z","99","3418","3444"
"114.7.161.18","elite","AS4761","ID","PT. INDOSAT Tbk","190","PT. INDOSAT Tbk","1080","socks4","4606","1","2023-08-15T10:41:54.500Z","97","3342","3432"
"186.236.8.19","elite","AS28146","BR","Mhnet Telecom","297","Mhnet Telecom","4145","socks4","4691","82","2023-08-15T10:41:54.507Z","94","3168","3359"
"94.139.169.250","elite","AS206065","IR","Farabord Dadeh Haye Iranian Co.","147","WiMAX","5678","socks4","4201","1","2023-08-15T10:41:54.503Z","98","3338","3390"
"149.28.44.246","elite","AS20473","US","The Constant Company","86","Vultr Holdings, LLC","10041","socks4","4603","1","2023-08-15T10:41:54.505Z","62","2042","3319"
"139.255.41.122","elite","AS9905","ID","PT. LINKNET","200","N/A","2135","socks5","5690","1","2023-08-15T10:41:42.205Z","95","3227","3384"
"45.7.177.184","elite","AS266626","BR","Litoral Telecom","186","Litoral Telecom","39867","socks4","718","1","2023-08-15T10:41:42.206Z","98","3340","3424"
"202.91.186.65","elite","AS4808","CN","China Unicom Beijing Province Network","264","Beijing Sunway Xunteng Technology Development Co., Ltd","4145","socks4","5105","1","2023-08-15T10:41:42.205Z","83","2853","3435"
"177.38.5.240","elite","AS52964","BR","F?BIO MENDES DIAS LTDA ME","216","FÁBIO MENDES DIAS LTDA ME","4153","socks4","4586","1","2023-08-15T10:41:42.206Z","94","3188","3386"
"213.6.131.62","elite","AS12975","PS","DSL -PALTEL","73","N/A","5678","socks4","4497","1","2023-08-15T10:41:42.313Z","95","3237","3413"
"39.108.102.73","elite","AS37963","CN","Hangzhou Alibaba Advertising Co","286","Aliyun Computing Co., LTD","5100","socks5","4793","86","2023-08-15T10:41:42.207Z","79","2650","3366"
"102.66.237.53","elite","AS328471","ZA","HERO TELECOMS (PTY) LTD","206","Herotel","5678","socks4","1695","1","2023-08-15T10:41:42.203Z","65","2210","3382"
"117.24.80.192","elite","AS4134","CN","Chinanet","210","Chinanet FJ","2829","socks5","4504","1","2023-08-15T10:41:42.204Z","66","2191","3319"
"118.97.235.36","elite","AS7713","ID","PT. TELKOM INDONESIA","221","N/A","4145","socks4","1305","1","2023-08-15T10:41:42.204Z","99","3361","3381"
"112.105.12.160","elite","AS18049","TW","TINP","269","Digital United Inc.","1111","socks5","2790","1","2023-08-15T10:41:30.340Z","84","2832","3384"
"106.110.215.121","elite","AS4134","CN","Chinanet","244","Chinanet GD","2829","socks4","4706","1","2023-08-15T10:41:30.341Z","52","1748","3357"
"41.225.229.55","elite","AS37671","TN","3S INF","62","ATI - Agence Tunisienne Internet","1080","socks4","1790","64","2023-08-15T10:41:30.340Z","99","3337","3382"
"200.81.144.1","elite","AS270934","BR","Silva de Sá Informática LTDA","195","Silva de Sá Informática LTDA","1080","socks4","4399","2","2023-08-15T10:41:30.400Z","100","3380","3389"
"45.233.1.1","elite","AS267303","BR","Centro Oeste Provedor","233","Centro Oeste Provedor","4153","socks4","4694","2","2023-08-15T10:41:30.339Z","100","3429","3446"
"104.129.198.54","elite","AS22616","US","ZSCALER, INC.","198","Zscaler, Inc.","10605","socks4","3906","1","2023-08-15T10:41:30.337Z","97","3316","3432"
"113.11.131.146","elite","AS9326","ID","CENTRIN","164","N/A","5678","socks4","4512","3","2023-08-15T10:41:18.111Z","100","3399","3415"
"119.148.45.185","elite","AS23923","BD","Agni Systems Limited","166","Agni Systems Ltd.","1088","socks4","5010","1","2023-08-15T10:41:18.112Z","93","3109","3350"
"103.142.110.202","elite","AS38758","ID","PT. HIPERNET INDODATA","181","PT. HIPERMEDIA TEKNOLOGI INDONESIA","5678","socks4","2194","1","2023-08-15T10:41:18.107Z","72","2413","3366"
"58.35.206.18","elite","AS4812","CN","China Telecom (Group)","205","Chinanet SH","4145","socks4","3392","6","2023-08-15T10:41:18.108Z","67","2258","3354"
"123.146.186.38","elite","AS4837","CN","CNC Group CHINA169 Chongqing Province Network","286","N/A","1080","socks5","5108","1","2023-08-15T10:41:18.112Z","60","2050","3426"
"103.55.104.209","elite","AS133989","IN","SBR Telecom Pvt. Ltd","298","SBR Telecom Pvt. Ltd","4153","socks4","4897","1","2023-08-15T10:41:05.725Z","100","3403","3409"
"203.30.190.93","elite","AS209242","US","Cloudflare London","18","Umpire Associates LTD","80","socks4","4509","1","2023-08-15T10:41:05.727Z","100","3431","3432"
"137.220.61.187","elite","AS20473","US","The Constant Company","98","Vultr Holdings, LLC","10024","socks4","70","1","2023-08-15T10:41:05.729Z","95","3207","3383"
"103.48.58.213","elite","AS58678","IN","SHRIGANESH","200","N/A","8080","socks4","4401","1","2023-08-15T10:41:05.725Z","100","3346","3359"
"178.158.197.147","elite","AS43139","UA","Maximum-Net LLC","51","Maximum-Net LLC","3629","socks4","3298","1","2023-08-15T10:41:05.728Z","88","2981","3394"
"104.238.96.101","elite","AS26496","US","GoDaddy.com, LLC","143","GoDaddy.com, LLC","31212","socks5","4800","1","2023-08-15T10:40:52.515Z","99","3318","3368"
"85.198.151.178","elite","AS6702","UA","Science Production Company \"Trifle\" Ltd.","47","Apex","1080","socks4","4309","3","2023-08-15T10:40:52.512Z","98","3284","3337"
"149.28.122.98","elite","AS20473","US","The Constant Company","99","Vultr Holdings, LLC","46560","socks5","3783","2","2023-08-15T10:40:52.511Z","85","2798","3285"
"45.7.177.223","elite","AS266626","BR","Litoral Telecom","186","Litoral Telecom","39867","socks4","4300","1","2023-08-15T10:40:52.515Z","99","3330","3364"
"41.57.108.247","elite","AS36866","KE","Jamii Telecommunications Limited","195","FAIBA","10801","socks4","4606","85","2023-08-15T10:40:52.515Z","87","2997","3426"
"173.82.45.77","elite","AS35916","US","Multacom Corporation","187","Multacom Corporation","36538","socks4","5094","1","2023-08-15T10:40:39.604Z","94","3194","3407"
"27.151.158.223","elite","AS4134","CN","Chinanet","220","Chinanet FJ","2829","socks4","4689","1","2023-08-15T10:40:39.603Z","16","526","3332"
"103.47.93.214","elite","AS134058","IN","Broban Internet Services Pvt.ltd","176","Broban  PVT Ltd.","1080","socks4","2691","1","2023-08-15T10:40:39.606Z","99","3387","3424"
"154.79.249.72","elite","AS36926","KE","Airtel KE Mobile & Fixed Internet","291","N/A","5678","socks4","2010","1","2023-08-15T10:40:39.602Z","76","2590","3429"
"190.63.174.18","elite","AS23487","EC","CONECEL","194","CONECEL","5678","socks4","4612","2","2023-08-15T10:40:39.601Z","100","3381","3395"
"117.26.41.106","elite","AS4134","CN","Chinanet","296","Chinanet FJ","2829","socks4","1999","1","2023-08-15T10:40:29.253Z","35","1179","3352"
"103.47.93.233","elite","AS134058","IN","Broban Internet Services Pvt.ltd","140","Broban  PVT Ltd.","1080","socks4","4900","1","2023-08-15T10:40:29.247Z","99","3418","3438"
"82.97.201.52","elite","AS29076","RU","Citytelecom LLC","89","Citytelecom LLC","5678","socks4","5015","9","2023-08-15T10:40:27.012Z","99","3350","3381"
"212.50.78.202","elite","AS34754","BG","Telnet Limited Liaskovec","107","N/A","5678","socks4","3995","79","2023-08-15T10:40:27.011Z","100","3336","3340"
"117.158.175.21","elite","AS24445","CN","China Mobile communications corporation","206","China Mobile","7302","socks5","4399","1","2023-08-15T10:40:26.926Z","78","2602","3348"
"203.114.65.85","elite","AS7611","PH","W Network Inc.","197","W NETWORK Inc","1337","socks4","4315","2","2023-08-15T10:40:26.916Z","99","3339","3382"
"45.126.169.193","elite","AS134014","IN","NET 4 U SERVICES PVT LTD","192","NET 4 U Services PVT LTD","4145","socks4","3139","1","2023-08-15T10:40:26.917Z","99","3368","3389"
"179.107.53.54","elite","AS263284","BR","Topmega Internet e InformÔtica LTDA -ME","476","Topmega Internet e Informática LTDA -ME","4153","socks4","4787","84","2023-08-15T10:40:26.936Z","92","3121","3387"
"223.19.7.186","elite","AS9304","HK","HGC Global Communications Limited","199","HGC Global Communications Limited","8118","socks4","4294","1","2023-08-15T10:40:26.929Z","87","2938","3383"
"149.202.27.17","elite","AS16276","FR","OVH SAS","89","Vova Kuchkovskiy","16379","socks4","1500","1","2023-08-15T10:40:23.637Z","99","3421","3453"
"67.43.42.117","elite","AS20473","US","The Constant Company, LLC","80","IPXO","8080","socks4","243","1","2023-08-15T10:40:23.441Z","100","3344","3347"
"37.221.192.104","elite","AS197540","DE","netcup GmbH","21","NETCUP-GMBH","7497","socks5","4497","1","2023-08-15T10:40:23.636Z","100","3344","3357"
"66.33.213.95","elite","AS26347","US","New Dream Network, LLC","85","New Dream Network, LLC","6285","socks4","4894","2","2023-08-15T10:40:23.443Z","100","3424","3433"
"110.78.148.87","elite","AS131090","TH","CAT-BB","204","N/A","4145","socks4","4698","2","2023-08-15T10:40:23.440Z","73","2446","3345"
"187.210.68.101","elite","AS8151","MX","Uninet S.A. de C.V.","174","UNINET","7497","socks5","2102","1","2023-08-15T10:40:23.444Z","93","3123","3354"
"8.39.228.129","elite","AS3356","US","Level 3 Communications, Inc.","126","Level 3, LLC","39593","socks4","4704","1","2023-08-15T10:40:17.745Z","99","3407","3436"
"51.83.133.132","elite","AS16276","PL","OVH SAS","27","OVH Sp. z o. o","22027","socks5","4504","1","2023-08-15T10:40:17.846Z","100","3364","3364"
"177.125.206.169","elite","AS262346","BR","FP Telecomunicacoes Ltda","201","FP Telecomunicacoes Ltda","4145","socks4","4099","1","2023-08-15T10:40:17.747Z","70","2363","3352"
"109.73.180.61","elite","AS49924","IT","ECROM-MAIN","61","N/A","4145","socks4","4797","1","2023-08-15T10:40:17.933Z","59","1962","3323"
"185.247.226.94","elite","AS200651","GB","Flokinet Ltd","51","Flokinet Ltd","16049","socks5","5100","1","2023-08-15T10:40:17.753Z","86","2951","3426"
"114.99.14.138","elite","AS4134","CN","Chinanet","211","Chinanet AH","8004","socks5","5108","1","2023-08-15T10:40:17.751Z","52","1793","3429"
"171.232.74.46","elite","AS7552","VN","Viettel Corporation","296","VIETEL","4005","socks4","3711","1","2023-08-15T10:40:17.835Z","91","3028","3326"
"139.59.58.141","elite","AS14061","IN","DigitalOcean","195","DigitalOcean, LLC","7497","socks5","4506","2","2023-08-15T10:40:17.833Z","89","2944","3320"
"222.129.39.224","elite","AS4808","CN","China Unicom Beijing Province Network","257","N/A","4145","socks4","1096","1","2023-08-15T10:40:17.754Z","52","1734","3356"
"84.241.25.151","elite","AS31549","IR","SHATEL Network","180","Arya Rasana Tadbir Co.","80","socks4","4800","1","2023-08-15T10:40:13.106Z","88","2962","3349"
"175.101.18.25","elite","AS17754","IN","ExcellMedia Pvt Ltd","149","Excell Media Pvt Ltd","5678","socks4","4404","1","2023-08-15T10:40:13.102Z","100","3377","3385"
"188.114.98.25","elite","AS13335","NL","Cloudflare, Inc.","2","CloudFlare, Inc.","443","socks4","4696","1","2023-08-15T10:40:13.107Z","100","3332","3332"
"203.150.145.95","elite","AS4618","TH","Internet Thailand Company Ltd","215","INEXT Broadband Company Limited","8080","socks5","4412","1","2023-08-15T10:40:13.103Z","100","3323","3330"
"194.87.58.16","elite","AS208685","NL","Serverius Holding B.V.","12","VictoryWillbeours","80","socks4","790","83","2023-08-15T10:40:13.100Z","100","3368","3368"
"143.244.184.250","elite","AS14061","US","DigitalOcean, LLC","186","DigitalOcean, LLC","37237","socks4","2304","1","2023-08-15T10:40:12.342Z","100","3407","3408"
"102.66.232.126","elite","AS328471","ZA","HERO TELECOMS (PTY) LTD","374","Herotel","5678","socks4","2712","2","2023-08-15T10:40:12.250Z","47","1554","3339"
"180.246.62.222","elite","AS7713","ID","PT. TELKOM INDONESIA","198","N/A","8080","socks4","4901","1","2023-08-15T10:40:12.249Z","82","2741","3334"
"186.211.110.178","elite","AS53062","BR","Ggnet Telecom Backbone","291","Ggnet Telecom Backbone","32346","socks4","1991","1","2023-08-15T10:40:06.646Z","96","3251","3383"
"45.7.210.197","elite","AS265729","AR","Cooperativa de Servicios Públicos de Porteña LTDA","285","Cooperativa de Servicios Públicos de Porteña LTDA","4153","socks4","2609","1","2023-08-15T10:40:06.645Z","99","3364","3393"
"167.99.12.224","elite","AS14061","US","DigitalOcean, LLC","85","Digital Ocean","49463","socks4","4797","1","2023-08-15T10:40:06.736Z","100","3401","3403"
"103.47.93.248","elite","AS134058","IN","Broban Internet Services Pvt.ltd","195","Broban  PVT Ltd.","1080","socks4","4795","1","2023-08-15T10:40:06.641Z","99","3359","3389"
"101.109.80.117","elite","AS23969","TH","TOT Public Company Limited","191","TOT Public Company Limited","4145","socks4","3793","1","2023-08-15T10:40:06.639Z","47","1612","3409"
"51.38.99.136","elite","AS16276","DE","OVH SAS","11","OVH GmbH","3128","socks4","5002","1","2023-08-15T10:40:06.734Z","100","3438","3438"
"217.66.196.171","elite","AS24631","IR","Tose'h Fanavari Ertebabat Pasargad Arian Co. PJS","139","Fanaptelecom Network","5678","socks5","4806","1","2023-08-15T10:40:06.644Z","93","3051","3280"
"139.60.183.10","elite","AS14979","PR","Aeronet Wireless","197","Aeronet Wireless","4153","socks4","4389","1","2023-08-15T10:40:00.944Z","97","3301","3408"
"216.80.120.100","elite","AS6079","US","RCN","200","RCN Corporation","3820","socks5","4797","1","2023-08-15T10:40:00.943Z","99","3357","3389"
"45.7.177.206","elite","AS266626","BR","Litoral Telecom","186","Litoral Telecom","39867","socks4","4201","82","2023-08-15T10:40:00.848Z","99","3381","3409"
"68.183.221.156","elite","AS14061","DE","DigitalOcean, LLC","95","DigitalOcean, LLC","34297","socks4","4403","1","2023-08-15T10:40:00.936Z","100","3387","3388"
"185.89.156.130","elite","AS198279","AL","ATU","98","N/A","5678","socks4","4994","1","2023-08-15T10:40:00.851Z","99","3336","3356"
"143.244.149.59","elite","AS14061","US","DigitalOcean, LLC","83","DigitalOcean, LLC","35887","socks5","5488","1","2023-08-15T10:39:59.116Z","100","3339","3349"
"38.127.172.115","elite","AS174","US","Cogent Communications","84","Torlandia Trading SRL","11537","socks4","4884","1","2023-08-15T10:39:59.117Z","100","3351","3361"
"119.18.157.197","elite","AS55685","ID","PT. Jala Lintas Media","193","N/A","4145","socks4","5009","2","2023-08-15T10:39:59.105Z","99","3414","3437"
"1.2.214.8","elite","AS23969","TH","TOT Public Company Limited","149","TOT Public Company Limited","4145","socks4","4982","1","2023-08-15T10:39:59.100Z","71","2420","3430"
"120.46.155.74","elite","AS55990","CN","Huawei Cloud Service data center","196","Huawei Cloud Service","7890","socks4","4404","76","2023-08-15T10:39:59.104Z","57","1906","3343"
"41.223.108.13","elite","AS328250","SO","Golis Telecom Somalia","82","ISP","1080","socks4","3793","1","2023-08-15T10:39:59.105Z","99","3388","3414"
"139.59.84.117","elite","AS14061","IN","DigitalOcean","194","DigitalOcean, LLC","52125","socks4","5000","1","2023-08-15T10:39:59.103Z","57","1867","3287"
"196.44.181.37","elite","AS31856","ZW","YoAHRE-MAIN","194","N/A","5678","socks4","4898","1","2023-08-15T10:39:59.101Z","97","3313","3430"
"50.84.210.194","elite","AS11427","US","Charter Communications Inc","191","Spectrum","39593","socks4","2498","1","2023-08-15T10:39:55.336Z","99","3290","3309"
"102.66.237.55","elite","AS328471","ZA","HERO TELECOMS (PTY) LTD","207","Herotel","5678","socks4","4987","1","2023-08-15T10:39:55.337Z","61","1997","3296"
"175.101.251.164","elite","AS135203","IN","Excell Media Pvt Ltd","138","ExcellMedia Pvt Ltd","7497","socks5","4508","1","2023-08-15T10:39:55.339Z","98","3265","3337"
"194.36.98.231","elite","AS203020","PT","HostRoyale Technologies Pvt Ltd","32","In Hostroyale","80","socks4","4802","1","2023-08-15T10:39:55.338Z","100","3377","3380"
"104.21.85.200","elite","AS13335","CA","Cloudflare, Inc.","2","Cloudflare, Inc","80","socks5","4893","82","2023-08-15T10:39:55.333Z","100","3412","3412"
"85.222.67.66","elite","AS6830","PL","ASTER Sp. z o.o.","101","Aster Sp. z o.o.","5678","socks4","4509","1","2023-08-15T10:39:55.350Z","100","3375","3386"
"180.183.64.159","elite","AS45629","TH","Triple T Broadband Public Company Limited","159","Triple T Broadband Public Company Limited","5678","socks4","4901","1","2023-08-15T10:39:49.746Z","91","3031","3343"
"104.17.62.87","elite","AS13335","CA","Cloudflare, Inc.","2","Cloudflare, Inc","80","socks5","4607","1","2023-08-15T10:39:49.836Z","100","3312","3312"
"87.197.136.58","elite","AS6855","SK","Slovak Telecom AS6855","29","Slovak Telekom, a.s.","4153","socks4","4599","1","2023-08-15T10:39:49.934Z","100","3441","3448"
"93.171.224.47","elite","AS211570","UA","PE TV and Radio Company Kentavr-TV","100","PE TV and Radio Company Kentavr-TV","21157","socks5","4106","1","2023-08-15T10:39:49.937Z","99","3368","3391"
"54.39.102.233","elite","AS16276","CA","OVH SAS","96","OVH Hosting, Inc.","8080","socks4","4609","1","2023-08-15T10:39:49.935Z","100","3285","3285"
"118.173.197.241","elite","AS23969","TH","TOT Public Company Limited","196","TOT Public Company Limited","4145","socks4","435","1","2023-08-15T10:39:49.834Z","99","3389","3415"
"186.251.255.149","elite","AS267513","BR","Seanet Telecom Carazinho Eireli","217","Seanet Telecom Carazinho Eireli","31337","socks4","4810","1","2023-08-15T10:39:49.835Z","99","3325","3352"
"195.138.65.34","elite","AS6876","UA","TENET Scientific Production Enterprise LLC","52","Tenet","5678","socks4","3704","1","2023-08-15T10:39:49.841Z","98","3276","3345"
"180.183.121.6","elite","AS45629","TH","Triple T Broadband Public Company Limited","163","Triple T Broadband Public Company Limited","5678","socks4","3997","1","2023-08-15T10:39:46.411Z","93","3052","3290"
"1.20.220.79","elite","AS23969","TH","TOT Public Company Limited","154","TOT Mobile Co LTD","4145","socks4","68","1","2023-08-15T10:39:46.412Z","89","3041","3436"
"45.77.111.135","elite","AS20473","US","The Constant Company","87","Vultr Holdings, LLC","15082","socks5","5100","1","2023-08-15T10:39:46.413Z","100","3410","3410"
"149.20.253.40","elite","AS18615","US","Mainstream Fiber Networks, LLC","100","Mainstream Fiber Networks, LLC","12551","socks4","4002","1","2023-08-15T10:39:46.504Z","100","3336","3343"
"185.171.54.34","elite","AS44285","IR","Shahrad","183","N/A","4153","socks4","3497","1","2023-08-15T10:39:46.412Z","95","3232","3415"
"138.36.150.12","elite","AS263729","AR","Pedraza Luis Eduardo","254","Pedraza Luis Eduardo","1080","socks4","1892","2","2023-08-15T10:39:46.411Z","99","3372","3412"
"114.99.10.131","elite","AS4134","CN","Chinanet","290","Chinanet AH","8004","socks4","2990","3","2023-08-15T10:39:46.413Z","56","1876","3374"
"91.220.69.43","elite","AS58096","RU","Viter Evgeniy Vasilevich","60","Viter Evgeniy Vasilevich","3629","socks4","4895","1","2023-08-15T10:39:44.341Z","100","3431","3440"
"200.212.2.73","elite","AS4230","BR","Claro S.A.","251","Claro S.A","61283","socks4","1996","1","2023-08-15T10:39:44.236Z","100","3414","3428"
"185.206.80.227","elite","AS210021","IQ","DIL Technology Limited","99","Diltechnology","10801","socks4","1606","1","2023-08-15T10:39:44.339Z","50","1715","3455"
"103.47.93.194","elite","AS134058","IN","Broban Internet Services Pvt.ltd","185","Broban  PVT Ltd.","1080","socks4","4116","1","2023-08-15T10:39:44.243Z","99","3391","3415"
"36.93.137.146","elite","AS7713","ID","Telekomunikasi Indonesia","205","HSI Indihome","5678","socks4","4807","1","2023-08-15T10:39:44.244Z","99","3305","3344"
"47.49.228.234","elite","AS20115","US","Charter Communications","190","Spectrum","80","socks5","4594","1","2023-08-15T10:39:36.448Z","100","3309","3319"
"183.88.140.227","elite","AS45629","TH","Triple T Broadband Public Company Limited","198","Triple T Broadband Public Company Limited","8080","socks5","2995","1","2023-08-15T10:39:36.450Z","99","3341","3377"
"197.234.13.57","elite","AS36902","SC","Intelvision","159","Intelvision Ltd","4145","socks4","4500","1","2023-08-15T10:39:36.447Z","100","3419","3431"
"192.12.113.247","elite","AS61942","BR","Turbonet Telecom Ltda","198","Turbonet Telecom Ltda","4145","socks4","4597","1","2023-08-15T10:39:36.737Z","22","759","3428"
"178.209.51.218","elite","AS29691","CH","Nine Internet Solutions AG","24","EDIS GmbH","5836","socks4","3997","1","2023-08-15T10:39:33.602Z","100","3288","3297"
"36.90.61.224","elite","AS7713","ID","PT. Telekomunikasi Indonesia","186","Telekomunikasi Indonesia","4145","socks4","4597","2","2023-08-15T10:39:33.701Z","71","2394","3376"
"51.83.140.70","elite","AS16276","PL","OVH SAS","28","OVH Sp. z o. o","8181","socks5","4511","1","2023-08-15T10:39:33.605Z","100","3449","3452"
"207.178.166.187","elite","AS5033","US","Key Information Systems","148","Educational Message Services","80","socks4","5385","1","2023-08-15T10:39:33.603Z","99","3358","3382"
"61.178.99.43","elite","AS4134","CN","Chinanet","193","N/A","7302","socks5","4894","2","2023-08-15T10:39:33.603Z","77","2514","3285"
"103.54.148.34","elite","AS134128","BD","Mega Speed","190","N/A","1080","socks4","887","1","2023-08-15T10:39:30.936Z","99","3396","3419"
"202.43.73.121","elite","AS45298","ID","PT. INTERLINK TECHNOLOGY","198","N/A","4145","socks4","5097","1","2023-08-15T10:39:30.933Z","100","3436","3443"
"193.34.45.179","elite","AS199201","PL","SPI-NET Norbert Nowicki","34","SPI","5678","socks5","4108","1","2023-08-15T10:39:30.844Z","100","3337","3340"
"23.88.124.86","elite","AS24940","DE","Hetzner Online GmbH","92","Hetzner","80","socks4","4499","1","2023-08-15T10:39:30.843Z","100","3299","3300"
"103.51.47.9","elite","AS133819","ID","CIM","239","N/A","4145","socks4","4894","1","2023-08-15T10:39:25.237Z","99","3418","3449"
"200.228.181.138","elite","AS4230","BR","Fockink Indústrias Elétricas Ltda","292","Fockink Participações Ltda","8080","socks4","4790","82","2023-08-15T10:39:25.239Z","100","3410","3422"
"124.222.21.124","elite","AS45090","CN","China Internet Network Information Center","225","Tencent cloud computing (Beijing) Co., Ltd.","2080","socks4","5098","1","2023-08-15T10:39:25.234Z","81","2682","3330"
"103.35.108.145","elite","AS23991","BD","Ranks ITT","180","Ranks ITT Ltd.","4145","socks5","4505","1","2023-08-15T10:39:25.336Z","99","3405","3432"
"143.202.226.205","elite","AS262346","BR","FP Telecomunicacoes Ltda","202","FP Telecomunicacoes Ltda","4145","socks4","3688","1","2023-08-15T10:39:25.151Z","75","2580","3434"
"115.84.248.140","elite","AS9658","PH","Eastern Telecommunications Philippines, Inc.","322","Eastern Telecommunications Philippines, Inc","8080","socks4","1787","1","2023-08-15T10:39:25.149Z","98","3316","3387"
"185.169.181.14","elite","AS34984","TR","Ates Dc","91","Ibrahim MALA trading as Ates Dc","4145","socks4","3596","1","2023-08-15T10:39:25.242Z","100","3380","3382"
"185.173.106.113","elite","AS59441","IR","Hostiran Network","93","N/A","8080","socks5","3598","1","2023-08-15T10:39:25.240Z","88","2926","3307"
"109.92.133.194","elite","AS8400","RS","TELEKOM-SRBIJA","64","N/A","5678","socks4","5091","80","2023-08-15T10:39:21.101Z","98","3328","3397"
"191.102.135.67","elite","AS394474","US","Webline Services","96","Corporate Network","3128","socks4","734","2","2023-08-15T10:39:21.106Z","74","2511","3373"
"124.122.137.150","elite","AS17552","TH","True Internet Co., Ltd.","184","TRUE BB","4153","socks4","1000","1","2023-08-15T10:39:21.103Z","65","2230","3428"
"149.20.253.47","elite","AS18615","US","Mainstream Fiber Networks, LLC","101","Mainstream Fiber Networks, LLC","12551","socks4","4395","1","2023-08-15T10:39:21.105Z","100","3458","3465"
"103.110.184.1","elite","AS137374","ID","Dinas Komunikasi","225","N/A","6037","socks4","910","2","2023-08-15T10:39:21.102Z","100","3446","3460"
"45.7.177.201","elite","AS266626","BR","Litoral Telecom","193","Litoral Telecom","39867","socks4","4893","82","2023-08-15T10:39:19.543Z","99","3359","3394"
"190.111.246.128","elite","AS11014","AR","CPS","230","CPS","80","socks4","5096","1","2023-08-15T10:39:19.538Z","98","3363","3437"
"103.12.246.109","elite","AS134941","IN","Instant Cable Network PVT LTD","137","Instant Cable Network PVT LTD","4145","socks4","4187","1","2023-08-15T10:39:19.548Z","99","3400","3431"
"119.42.110.113","elite","AS131090","TH","CAT-BB","192","N/A","4145","socks4","4396","82","2023-08-15T10:39:19.546Z","89","3001","3354"
"1.20.168.51","elite","AS23969","TH","TOT Public Company Limited","158","TOT Mobile Co LTD","4145","socks4","4911","1","2023-08-15T10:39:19.545Z","47","1584","3351"
"217.198.181.50","elite","AS48031","UA","Ivanov Vitaliy Sergeevich","54","Proline IT Ltd","49582","socks4","4607","1","2023-08-15T10:39:19.642Z","100","3355","3364"
"190.239.23.33","elite","AS6147","PE","Telefonica del Peru","189","PE-TDPERX5-LACNIC","5678","socks4","1294","1","2023-08-15T10:39:13.846Z","97","3267","3368"
"108.61.149.186","elite","AS20473","US","The Constant Company","100","Vultr Holdings, LLC","10040","socks4","2300","1","2023-08-15T10:39:13.844Z","69","2293","3323"
"203.99.57.145","elite","AS23674","PK","Nayatel (Pvt) Ltd","165","Micronet","5678","socks4","5005","1","2023-08-15T10:39:13.847Z","100","3356","3363"
"199.192.28.108","elite","AS22612","US","Namecheap, Inc.","196","Namecheap, Inc","7497","socks5","4098","1","2023-08-15T10:39:13.850Z","78","2577","3289"
"202.21.127.6","elite","AS9484","MN","Mobinet LLC","124","N/A","5678","socks4","2412","1","2023-08-15T10:39:13.848Z","96","3286","3414"
"181.5.219.244","elite","AS7303","AR","Telecom Argentina S.A.","898","Telecom Personal Bs","7071","socks5","4413","2","2023-08-15T10:39:08.707Z","31","1067","3406"
"104.248.20.36","elite","AS14061","DE","DigitalOcean, LLC","23","DigitalOcean, LLC","9050","socks4","4805","1","2023-08-15T10:39:08.332Z","100","3348","3348"
"37.152.176.95","elite","AS202468","IR","AbrArvan","111","N/A","80","socks4","4295","1","2023-08-15T10:39:08.343Z","71","2339","3313"
"172.67.105.234","elite","AS13335","CA","Cloudflare, Inc.","2","Cloudflare, Inc.","80","socks5","4691","2","2023-08-15T10:39:08.706Z","100","3440","3440"
"213.197.136.218","elite","AS15440","LT","BALTNET","93","N/A","5678","socks4","3193","1","2023-08-15T10:39:08.712Z","100","3299","3301"
"199.60.103.126","elite","AS209242","US","Cloudflare London, LLC","83","HubSpot, Inc.","80","socks4","2901","1","2023-08-15T10:39:08.336Z","100","3401","3401"
"67.205.191.44","elite","AS14061","US","DigitalOcean, LLC","83","Digital Ocean","8085","socks4","5087","1","2023-08-15T10:39:08.710Z","100","3340","3346"
"84.51.0.198","elite","AS34984","TR","Superonline Iletisim Hizmetleri A.S.","59","Siba Bilisim Telekominikasyon Elektronik Ithalat Ihracat Limited","4145","socks4","4799","1","2023-08-15T10:39:08.438Z","100","3370","3375"
"49.0.2.243","elite","AS55701","ID","PT Usaha Adi Sanggoro","181","N/A","5430","socks4","5085","1","2023-08-15T10:39:08.339Z","98","3350","3415"
"202.40.186.157","elite","AS23991","BD","Ranks ITT","289","Ranks ITT Ltd.","4145","socks4","5001","1","2023-08-15T10:39:02.842Z","98","3389","3445"
"114.134.95.158","elite","AS38031","BD","OptiMax Communication Ltd","183","OptiMax Communication Ltd","5678","socks4","5089","1","2023-08-15T10:39:02.839Z","98","3330","3392"
"197.234.13.6","elite","AS36902","SC","Intelvision","163","Intelvision Ltd","4145","socks4","1500","1","2023-08-15T10:39:02.837Z","100","3313","3326"
"103.89.62.81","elite","AS58972","IN","Bhomika Network PVT LTD","151","Bhomika Network Pvt Ltd","4153","socks4","3597","1","2023-08-15T10:39:02.844Z","99","3422","3447"
"212.33.205.4","elite","AS43754","IR","Asiatech Data Transmission company","101","Asiatech Data Transmission Co.","1080","socks4","5689","1","2023-08-15T10:39:02.840Z","49","1595","3284"
"109.121.50.69","elite","AS9125","RS","Orion Telekom ISP IP Network","36","Orion Telekom Tim d.o.o.Beograd","1080","socks4","4917","1","2023-08-15T10:39:02.938Z","98","3390","3448"
"177.38.5.234","elite","AS52964","BR","F?BIO MENDES DIAS LTDA ME","288","FÁBIO MENDES DIAS LTDA ME","4153","socks4","365","1","2023-08-15T10:38:57.337Z","96","3201","3328"
"110.78.152.246","elite","AS131090","TH","CAT-BB","172","N/A","5678","socks4","4614","1","2023-08-15T10:38:57.339Z","60","2054","3423"
"103.70.159.152","elite","AS133720","IN","speednet","188","N/A","5678","socks4","5092","1","2023-08-15T10:38:57.336Z","99","3384","3420"
"38.127.179.230","elite","AS174","US","Cogent Communications","92","Torlandia Trading SRL","46656","socks4","4701","1","2023-08-15T10:38:57.437Z","100","3362","3366"
"14.34.137.10","elite","AS4766","KR","Korea Telecom","229","Kornet","3128","socks4","4496","1","2023-08-15T10:38:55.716Z","100","3379","3382"
"24.205.10.252","elite","AS20115","US","Charter Communications","195","Spectrum","30333","socks4","4610","1","2023-08-15T10:38:55.720Z","100","3415","3418"
"103.79.96.202","elite","AS64308","ID","PT IndoDev Niaga Internet","187","PT IndoDev Niaga Internet","4153","socks4","4295","1","2023-08-15T10:38:55.719Z","100","3430","3434"
"157.230.177.47","elite","AS14061","US","DigitalOcean, LLC","85","DigitalOcean, LLC","7497","socks5","2890","1","2023-08-15T10:38:55.719Z","71","2387","3358"
"173.236.181.192","elite","AS26347","US","New Dream Network, LLC","85","New Dream Network, LLC","24310","socks5","4688","1","2023-08-15T10:38:55.800Z","100","3325","3329"
"45.6.229.227","elite","AS266233","BR","Newmaster Telecom","211","Newmaster Telecom","4145","socks4","2100","1","2023-08-15T10:38:55.715Z","100","3440","3448"
"45.70.237.133","elite","AS264668","EC","Nedetel S.A.","196","Nedetel S.A","4145","socks4","4586","1","2023-08-15T10:38:51.740Z","100","3301","3317"
"45.115.115.146","elite","AS55828","BD","Drik ICT Ltd","181","Drik ICT Ltd","31141","socks4","3009","1","2023-08-15T10:38:51.737Z","96","3288","3438"
"109.73.176.20","elite","AS49924","IT","ECROM-MAIN","88","N/A","4145","socks4","4704","1","2023-08-15T10:38:51.843Z","96","3265","3415"
"151.80.33.46","elite","AS16276","FR","OVH SAS","6","OVH SAS","7497","socks5","4797","1","2023-08-15T10:38:51.844Z","100","3345","3345"
"178.212.199.95","elite","AS39065","UA","Southern Telecommunication Company Ltd.","55","SOHONET","1099","socks4","200","1","2023-08-15T10:38:51.743Z","89","3045","3403"
"43.135.154.94","elite","AS132203","US","Shenzhen Tencent Computer Systems Company Limited","149","Tencent Cloud Computing","21127","socks5","5287","1","2023-08-15T10:38:45.537Z","76","2538","3351"
"15.235.141.35","elite","AS16276","SG","OVH SAS","194","OVH Singapore PTE. LTD","51921","socks4","3398","1","2023-08-15T10:38:45.533Z","90","2924","3264"
"58.59.60.94","elite","AS4134","CN","Chinanet","197","Chinanet SD","10800","socks4","5196","1","2023-08-15T10:38:45.540Z","81","2700","3349"
"45.7.177.217","elite","AS266626","BR","Litoral Telecom","191","Litoral Telecom","39867","socks4","4105","1","2023-08-15T10:38:45.450Z","99","3358","3399"
"103.199.97.129","elite","AS45804","IN","New Shivam Cable Network","169","N/A","39825","socks4","4593","1","2023-08-15T10:38:45.447Z","97","3303","3418"
"160.16.125.237","elite","AS9370","JP","SAKURA Internet Inc.","233","SAKURA Internet Inc.","3030","socks5","5286","1","2023-08-15T10:38:45.536Z","100","3354","3356"
"202.5.54.70","elite","AS45326","BD","BBTS-NEW","187","N/A","4145","socks4","5012","1","2023-08-15T10:38:43.106Z","94","3210","3415"
"27.159.189.12","elite","AS4134","CN","Chinanet","237","Chinanet FJ","8004","socks4","3903","1","2023-08-15T10:38:43.104Z","65","2217","3419"
"185.186.18.20","elite","AS57723","PL","Media Telekom Sp. z o.o.","78","Media Telekom Sp. z o.o.","5678","socks4","3313","1","2023-08-15T10:38:43.209Z","100","3396","3404"
"61.7.138.214","elite","AS131090","TH","CAT Telecom Public Company Limited","170","National Telecom Public Company Limited","4145","socks4","3001","1","2023-08-15T10:38:43.113Z","84","2742","3254"
"139.196.73.1","elite","AS37963","CN","Hangzhou Alibaba Advertising Co","214","Aliyun Computing Co., LTD","80","socks4","4197","1","2023-08-15T10:38:43.102Z","82","2756","3363"
"190.205.32.70","elite","AS8048","VE","CANTV Servicios, Venezuela","167","CANTV Servicios, Venezuela","999","socks4","4897","1","2023-08-15T10:38:43.113Z","95","3265","3428"
"36.89.80.226","elite","AS7713","ID","PT. Telekomunikasi Indonesia","185","Telekomunikasi Indonesia","5678","socks4","4208","1","2023-08-15T10:38:40.042Z","96","3189","3309"
"103.77.227.201","elite","AS64298","ID","UPN Veteran Surabaya","191","UPN Veteran Surabaya","4153","socks4","3598","1","2023-08-15T10:38:40.048Z","93","3150","3393"
"78.140.7.239","elite","AS31357","RU","Limited Company Information and Consulting Agency","106","Limited Company Information and Consulting Agency","40009","socks4","4217","1","2023-08-15T10:38:40.044Z","99","3424","3470"
"36.255.104.1","elite","AS136238","MV","SatLink Pvt Ltd","195","N/A","13623","socks4","3501","1","2023-08-15T10:38:40.038Z","100","3435","3441"
"194.146.110.211","elite","AS29496","UA","Link-Service Ltd.","98","Link-Service Ltd.","8888","socks4","4200","1","2023-08-15T10:38:34.340Z","99","3305","3346"
"51.83.252.13","elite","AS16276","PL","OVH SAS","28","OVH Sp. z o. o","8888","socks4","4886","82","2023-08-15T10:38:34.442Z","100","3379","3379"
"38.242.46.234","elite","AS174","US","Cogent Communications","73","Code 200, UAB","3128","socks5","4502","1","2023-08-15T10:38:34.342Z","96","3258","3383"
"177.222.146.125","elite","AS28208","BR","Superline TelecomunicaÔÔes Ltda","214","Superline Telecomunicações Ltda","5678","socks4","4395","82","2023-08-15T10:38:34.337Z","94","3136","3328"
"103.47.93.196","elite","AS134058","IN","Broban Internet Services Pvt.ltd","163","Broban  PVT Ltd.","1080","socks4","5106","1","2023-08-15T10:38:34.336Z","99","3415","3439"
"8.219.152.222","elite","AS45102","SG","Alibaba (US) Technology Co., Ltd.","356","Alibaba.com Singapore E-Commerce Private Limited","443","socks4","3812","1","2023-08-15T10:38:34.334Z","47","1578","3383"
"189.201.191.66","elite","AS28438","MX","ATC HOLDING FIBRA MEXICO, S. DE R.L. DE C.V.","179","ATC HOLDING FIBRA MEXICO, S. DE R.L. DE C.V","4145","socks4","4287","1","2023-08-15T10:38:30.801Z","99","3409","3436"
"103.47.93.247","elite","AS134058","IN","Broban Internet Services Pvt.ltd","154","Broban  PVT Ltd.","1080","socks4","4492","1","2023-08-15T10:38:30.805Z","99","3362","3384"
"112.195.36.157","elite","AS4837","CN","China Unicom CHINA169 Sichuan Province Network","271","N/A","24388","socks4","4409","1","2023-08-15T10:38:30.802Z","63","2139","3396"
"114.220.154.35","elite","AS140292","CN","China Telecom","299","Chinanet JS","44844","socks5","4699","1","2023-08-15T10:38:30.798Z","55","1867","3411"
"177.184.67.69","elite","AS52898","BR","Multipla Servi?os Inteligentes","289","Multipla Serviços Inteligentes","4145","socks4","4085","1","2023-08-15T10:38:30.800Z","95","3266","3431"
"189.85.112.20","elite","AS270540","BR","WEBNET Telecom","226","WEBNET Telecom","7497","socks5","3507","1","2023-08-15T10:38:28.545Z","100","3332","3342"
"198.37.103.71","elite","AS397373","US","H4Y Technologies LLC","180","H4Y Technologies LLC","62220","socks4","5015","1","2023-08-15T10:38:28.549Z","100","3398","3399"
"186.233.160.4","elite","AS53050","BR","Super Cabo TV Caratinga Ltda","280","Super Cabo TV Caratinga Ltda","5678","socks4","4613","1","2023-08-15T10:38:28.548Z","42","1404","3323"
"202.159.60.65","elite","AS9340","ID","PT IndoInternet","166","N/A","443","socks4","4882","1","2023-08-15T10:38:28.651Z","100","3344","3359"
"182.253.142.7","elite","AS17451","ID","Biznet Networks","183","MetroNET","4145","socks4","4701","85","2023-08-15T10:38:28.634Z","83","2826","3407"
"197.234.13.5","elite","AS36902","SC","Intelvision","164","Intelvision Ltd","4145","socks4","3808","1","2023-08-15T10:38:28.540Z","100","3325","3340"
"37.34.72.132","elite","AS198399","IT","FASTCON","74","N/A","4145","socks4","4505","1","2023-08-15T10:38:23.034Z","62","2058","3323"
"142.166.131.50","elite","AS855","CA","Bell Canada","186","Bell Canada","5678","socks4","4687","1","2023-08-15T10:38:22.846Z","71","2331","3284"
"187.11.232.71","elite","AS27699","BR","Vivo","287","TELEF�NICA BRASIL S.A","4153","socks4","1511","1","2023-08-15T10:38:22.847Z","100","3427","3435"
"103.107.94.2","elite","AS135683","IN","Netncr Technology Pvt Ltd","195","Netncr Technology Pvt Ltd","44578","socks4","4889","1","2023-08-15T10:38:22.936Z","100","3358","3365"
"49.0.32.154","elite","AS38744","BD","Always On Network Bangladesh Ltd.","182","Always On Network Bangladesh Ltd","10801","socks4","4597","1","2023-08-15T10:38:22.851Z","98","3379","3433"
"5.9.144.19","elite","AS24940","DE","Hetzner Online GmbH","24","Hetzner","24940","socks5","4397","1","2023-08-15T10:38:22.844Z","70","2316","3322"
"103.112.44.100","elite","AS132669","ID","PT.Globalnet Multi Data","188","N/A","5678","socks4","4802","1","2023-08-15T10:38:22.935Z","97","3291","3398"
"104.18.166.99","elite","AS13335","CA","Cloudflare, Inc.","3","Cloudflare, Inc","80","socks4","5196","1","2023-08-15T10:38:22.848Z","100","3348","3349"
"186.13.38.191","elite","AS11664","AR","Techtel LMDS Comunicaciones Interactivas S.A.","281","AMX Argentina S.A","5678","socks4","1702","1","2023-08-15T10:38:22.934Z","86","2864","3321"
"43.129.210.41","elite","AS132203","HK","Aceville Pte.ltd","287","N/A","10809","socks5","5009","1","2023-08-15T10:38:18.103Z","99","3394","3418"
"193.169.81.91","elite","AS49491","UA","Ternet LLC","39","Ternet LTD","5678","socks4","3298","2","2023-08-15T10:38:18.206Z","92","3135","3421"
"36.255.104.9","elite","AS136238","MV","SatLink Pvt Ltd","189","N/A","1080","socks4","2005","1","2023-08-15T10:38:18.100Z","100","3407","3415"
"45.70.237.131","elite","AS264668","EC","Nedetel S.A.","177","Nedetel S.A","4145","socks4","4702","1","2023-08-15T10:38:18.016Z","100","3336","3352"
"45.196.151.73","elite","AS7018","US","AT&T Services","88","AQUA Networks Limited","5432","socks4","344","1","2023-08-15T10:38:18.099Z","97","3264","3348"
"103.200.135.228","elite","AS134739","MM","AGB Communication Co.Ltd","199","N/A","4145","socks4","4107","1","2023-08-15T10:38:18.017Z","44","1467","3312"
"167.71.164.35","elite","AS14061","US","DigitalOcean, LLC","97","DigitalOcean, LLC","46303","socks4","511","1","2023-08-15T10:38:17.155Z","94","3170","3356"
"140.250.150.56","elite","AS4134","CN","Chinanet","190","Chinanet SD","1080","socks4","2807","1","2023-08-15T10:38:17.150Z","72","2442","3384"
"36.251.170.169","elite","AS4837","CN","China Unicom Fujian Province Network","295","N/A","44844","socks5","4702","1","2023-08-15T10:38:17.236Z","62","2075","3334"
"115.127.121.202","elite","AS24342","BD","BRACNet Limited","197","BRACNet Limited","5678","socks4","4706","1","2023-08-15T10:38:17.149Z","98","3357","3409"
"188.114.99.37","elite","AS13335","NL","Cloudflare, Inc.","2","CloudFlare, Inc.","80","socks4","4606","1","2023-08-15T10:38:17.144Z","100","3327","3328"
"180.183.6.44","elite","AS45629","TH","Triple T Broadband Public Company Limited","165","Triple T Broadband Public Company Limited","4153","socks4","3314","1","2023-08-15T10:38:17.153Z","97","3293","3406"
"103.24.21.1","elite","AS150576","IN","Zyetek Telecom Private Limited","171","Voip Communications PVT LTD","5678","socks4","1502","79","2023-08-15T10:38:17.245Z","81","2810","3452"
"116.118.98.21","elite","AS7602","VN","SPT","291","N/A","5678","socks4","4991","1","2023-08-15T10:38:17.148Z","95","3260","3426"
"41.160.238.106","elite","AS36937","ZA","Liquid Telecommunications Operations Limited","193","Neotel GAU","5678","socks4","4311","1","2023-08-15T10:38:11.540Z","77","2660","3437"
"171.248.37.225","elite","AS7552","VN","Viettel Corporation","290","VIETEL","5678","socks4","1699","1","2023-08-15T10:38:11.545Z","77","2600","3360"
"170.238.79.2","elite","AS266328","BR","Alphanet Telecom Ltda ME","206","Alphanet Telecom Ltda ME","7497","socks5","4512","1","2023-08-15T10:38:11.537Z","98","3210","3276"
"68.183.25.78","elite","AS14061","US","DigitalOcean, LLC","83","DigitalOcean, LLC","23017","socks5","5003","1","2023-08-15T10:38:11.536Z","100","3335","3341"
"81.12.104.38","elite","AS42337","IR","Respina Networks & Beyond PJSC","99","Respina Networks","3629","socks4","4902","1","2023-08-15T10:38:11.541Z","99","3346","3391"
"47.242.34.83","elite","AS45102","HK","Alibaba.com LLC","257","Hong Kong","443","socks4","5000","1","2023-08-15T10:38:11.543Z","99","3367","3400"
"93.40.5.232","elite","AS12874","IT","Fastweb SpA","37","FASTWEB VULA Statico","5678","socks4","4907","1","2023-08-15T10:38:05.841Z","99","3326","3344"
"173.212.234.67","elite","AS51167","DE","Contabo GmbH","19","Contabo GmbH","51924","socks5","4702","1","2023-08-15T10:38:05.643Z","90","3038","3379"
"222.124.177.148","elite","AS7713","ID","Telekomunikasi Indonesia","224","PT. TELKOM INDONESIA","7497","socks5","214","1","2023-08-15T10:38:05.639Z","90","3023","3357"
"112.250.211.161","elite","AS4837","CN","China Unicom CHINA169 Shandong Province Network","193","N/A","38801","socks4","1706","1","2023-08-15T10:38:05.638Z","80","2674","3336"
"211.201.161.125","elite","AS9318","KR","SK Broadband Co Ltd","230","broadNnet","1080","socks4","4291","1","2023-08-15T10:38:05.642Z","100","3349","3354"
"36.92.222.105","elite","AS7713","ID","Telekomunikasi Indonesia","186","Temporary","4145","socks4","1987","1","2023-08-15T10:38:05.839Z","35","1171","3364"
"172.67.206.105","elite","AS13335","CA","Cloudflare, Inc.","2","Cloudflare, Inc.","80","socks4","4706","1","2023-08-15T10:38:05.636Z","100","3363","3365"
"103.23.101.97","elite","AS58400","ID","Universitas Negeri Semarang, y","185","UNNES","4145","socks4","4604","1","2023-08-15T10:38:05.635Z","100","3413","3418"
"103.66.232.5","elite","AS134014","IN","NET 4 U SERVICES","126","N/A","4145","socks4","4902","78","2023-08-15T10:38:04.715Z","99","3356","3397"
"197.251.236.227","elite","AS29614","GH","Vodafone Ghana AS International Transit","104","ADSL FBB static IP","5678","socks4","4892","2","2023-08-15T10:38:04.714Z","99","3344","3369"
"103.47.93.210","elite","AS134058","IN","Broban Internet Services Pvt.ltd","145","Broban  PVT Ltd.","1080","socks4","4594","2","2023-08-15T10:38:04.702Z","99","3389","3417"
"165.227.31.218","elite","AS14061","US","DigitalOcean, LLC","199","DigitalOcean, LLC","19090","socks5","827","1","2023-08-15T10:38:04.805Z","66","2250","3434"
"31.220.54.116","elite","AS47583","US","HOSTINGER US","96","Hostinger International Ltd.","80","socks5","4483","3","2023-08-15T10:38:04.705Z","100","3307","3311"
"116.212.142.231","elite","AS38235","KH","Angkor Data Communication","280","Mekongnet","33427","socks5","3208","2","2023-08-15T10:37:59.947Z","97","3337","3430"
"61.7.138.130","elite","AS131090","TH","CAT Telecom Public Company Limited","171","National Telecom Public Company Limited","4145","socks4","4385","1","2023-08-15T10:37:59.945Z","81","2759","3408"
"72.209.45.119","elite","AS22773","US","Cox Communications Inc.","96","Cox Communications","3128","socks4","4491","1","2023-08-15T10:37:59.941Z","100","3406","3410"
"187.85.154.1","elite","AS53062","BR","Ggnet Telecom Backbone","297","Ggnet Telecom Backbone","5678","socks4","4406","1","2023-08-15T10:37:59.946Z","99","3348","3394"
"102.66.237.25","elite","AS328471","ZA","HERO TELECOMS (PTY) LTD","207","Herotel","5678","socks4","4902","1","2023-08-15T10:37:59.944Z","59","2001","3383"
"185.238.228.240","elite","AS209242","GB","Invermae Solutions SL","11","Invermae Solutions SL","80","socks4","4903","1","2023-08-15T10:37:59.943Z","100","3458","3458"
"107.148.246.128","elite","AS54600","US","PEG TECH INC","195","PEG TECH INC","3128","socks4","4995","1","2023-08-15T10:37:59.942Z","54","1829","3376"
"37.130.25.184","elite","AS15874","PL","\"InterKAM\" S.C","82","Interkam Szczepanik Spolka Komandytowa","5678","socks4","4495","1","2023-08-15T10:37:52.441Z","99","3323","3343"
"38.127.173.171","elite","AS174","US","Cogent Communications","84","Torlandia Trading SRL","42908","socks5","4107","1","2023-08-15T10:37:52.638Z","100","3355","3361"
"104.16.108.234","elite","AS13335","CA","Cloudflare, Inc.","3","Cloudflare, Inc","80","socks4","4008","1","2023-08-15T10:37:52.444Z","100","3382","3382"
"37.252.86.97","elite","AS44395","AM","Ucom Cjsc","82","N/A","5678","socks4","4504","1","2023-08-15T10:37:52.633Z","99","3353","3403"
"46.254.240.106","elite","AS5547","RU","ORTEL","125","N/A","43310","socks4","2406","1","2023-08-15T10:37:52.438Z","99","3400","3448"
"95.140.124.217","elite","AS9125","RS","Drustvo za telekomunikacije Orion telekom doo Beograd, Gandijeva 76a","31","Orion Telekom Network","1080","socks4","2798","1","2023-08-15T10:37:50.407Z","100","3346","3347"
"186.251.255.177","elite","AS267513","BR","Seanet Telecom Carazinho Eireli","285","Seanet Telecom Carazinho Eireli","31337","socks4","4395","1","2023-08-15T10:37:50.404Z","100","3411","3428"
"103.3.77.204","elite","AS9341","ID","PT.Indonesia Comnets Plus","184","N/A","5678","socks4","5000","1","2023-08-15T10:37:46.938Z","98","3238","3321"
"51.89.14.193","elite","AS16276","GB","OVH SAS","12","OVH GmbH","8080","socks5","4389","1","2023-08-15T10:37:46.940Z","44","1444","3267"
"77.238.123.178","elite","AS43754","IR","Asiatech Data Transmission company","112","Asiatech Data Transmission company","8001","socks4","1796","1","2023-08-15T10:37:46.843Z","98","3332","3406"
"165.225.8.100","elite","AS22616","US","ZSCALER, INC.","80","Zscaler, Inc","10605","socks4","4507","1","2023-08-15T10:37:46.842Z","97","3355","3445"
"203.142.77.74","elite","AS17451","ID","BIZNET","183","N/A","5678","socks5","1392","1","2023-08-15T10:37:46.837Z","98","3291","3343"
"118.67.170.121","elite","AS4766","KR","Netropy CO.","232","NURILINK","4153","socks4","3999","1","2023-08-15T10:37:41.049Z","99","3420","3440"
"185.104.219.229","elite","AS60751","IE","ServeByte Ltd","26","ServeByte IE","80","socks4","4499","1","2023-08-15T10:37:41.135Z","100","3324","3332"
"95.216.137.15","elite","AS24940","FI","Hetzner Online GmbH","38","HETZNER-DC","31337","socks5","4706","1","2023-08-15T10:37:41.150Z","70","2421","3449"
"119.18.152.30","elite","AS55685","ID","PT. Jala Lintas Media","196","N/A","8080","socks4","4992","1","2023-08-15T10:37:41.050Z","99","3391","3428"
"185.169.181.10","elite","AS34984","TR","Ates Dc","85","Ibrahim MALA trading as Ates Dc","4145","socks4","4707","1","2023-08-15T10:37:41.237Z","100","3411","3414"
"67.205.162.56","elite","AS14061","US","DigitalOcean, LLC","82","Digital Ocean","10605","socks4","4492","1","2023-08-15T10:37:41.234Z","91","3058","3351"
"38.127.172.161","elite","AS174","US","Cogent Communications","85","Torlandia Trading SRL","46656","socks4","4791","1","2023-08-15T10:37:38.998Z","100","3349","3355"
"23.94.73.246","elite","AS36352","US","ColoCrossing","146","VPS ACE","1080","socks4","3498","2","2023-08-15T10:37:38.900Z","84","2858","3390"
"5.8.64.55","elite","AS44812","RU","IP SERVER LLC","100","Worldbyte","8080","socks5","4696","1","2023-08-15T10:37:38.905Z","96","3187","3306"
"159.192.253.92","elite","AS131090","TH","CAT-BB","166","N/A","4145","socks4","4609","1","2023-08-15T10:37:38.907Z","77","2527","3267"
"103.47.93.239","elite","AS134058","IN","Broban Internet Services Pvt.ltd","193","Broban  PVT Ltd.","1080","socks4","4793","1","2023-08-15T10:37:38.906Z","99","3377","3400"
"38.127.172.35","elite","AS174","US","Cogent Communications","84","Torlandia Trading SRL","11537","socks4","1589","1","2023-08-15T10:37:38.999Z","100","3335","3342"
"110.34.166.180","elite","AS45652","SG","Krypt Technologies","299","Vpls Sin1","4153","socks4","1804","1","2023-08-15T10:37:38.899Z","99","3368","3404"
"200.212.2.71","elite","AS4230","BR","Claro S.A.","243","Claro S.A","61283","socks4","4992","1","2023-08-15T10:37:38.908Z","100","3392","3405"
"202.159.35.145","elite","AS9340","ID","PT IndoInternet","192","N/A","443","socks4","2199","1","2023-08-15T10:37:35.246Z","100","3373","3378"
"128.199.218.40","elite","AS14061","SG","DigitalOcean, LLC","183","DigitalOcean, LLC","29492","socks4","246","82","2023-08-15T10:37:35.245Z","58","1957","3403"
"177.131.29.213","elite","AS262378","BR","Compuservice Empreendimentos Ltda","240","Compuservice Empreendimentos Ltda","4153","socks4","4404","1","2023-08-15T10:37:35.155Z","99","3415","3452"
"103.84.134.9","elite","AS136238","MV","SatLink Pvt Ltd","194","SatLink Pvt Ltd","1080","socks4","4694","1","2023-08-15T10:37:35.247Z","99","3399","3417"
"104.16.109.207","elite","AS13335","CA","Cloudflare, Inc.","2","Cloudflare, Inc","80","socks4","4999","1","2023-08-15T10:37:35.234Z","100","3332","3332"
"45.8.107.47","elite","AS209242","DE","Cloudflare London","79","Araxio Development N.V","80","socks4","4706","1","2023-08-15T10:37:29.145Z","100","3254","3254"
"79.143.191.128","elite","AS51167","DE","Contabo GmbH","17","Contabo GmbH","21631","socks5","5098","1","2023-08-15T10:37:29.333Z","100","3360","3362"
"45.7.177.234","elite","AS266626","BR","Litoral Telecom","186","Litoral Telecom","39867","socks4","4805","1","2023-08-15T10:37:29.149Z","98","3375","3444"
"185.46.10.13","elite","AS197695","RU","\"Domain names registrar REG.RU\", Ltd","80","Reg.Ru AG","1080","socks5","4392","1","2023-08-15T10:37:29.236Z","100","3287","3289"
"1.1.1.177","elite","AS13335","AU","Cloudflare, Inc","2","APNIC and Cloudflare DNS Resolver project","80","socks4","4301","1","2023-08-15T10:37:29.150Z","100","3326","3326"
"207.180.249.153","elite","AS51167","DE","Contabo GmbH","91","Contabo GmbH","3128","socks4","4402","1","2023-08-15T10:37:29.239Z","100","3419","3419"
"190.181.23.10","elite","AS26210","BO","AXS Bolivia S. A.","207","AXS Bolivia S. A","4153","socks4","1696","1","2023-08-15T10:37:29.238Z","98","3373","3428"
"102.66.232.125","elite","AS328471","ZA","HERO TELECOMS (PTY) LTD","392","Herotel","5678","socks4","5015","1","2023-08-15T10:37:26.313Z","43","1447","3332"
"203.24.102.152","elite","AS209242","VG","Cloudflare London, LLC","11","Anaga Consulting Limited","80","socks4","5199","2","2023-08-15T10:37:26.309Z","100","3336","3336"
"93.158.202.194","elite","AS50673","NL","Serverius Holding B.V.","12","Serveriuscustomer","50673","socks5","5088","1","2023-08-15T10:37:26.499Z","87","2866","3306"
"36.37.104.99","elite","AS4800","ID","LINTASARTA","207","N/A","34040","socks4","428","1","2023-08-15T10:37:26.310Z","99","3307","3335"
"80.235.239.130","elite","AS5089","GB","TalkTalk","25","Pccw Global Networks  UK  PLC","1080","socks4","3394","2","2023-08-15T10:37:26.498Z","95","3265","3427"
"47.117.138.120","elite","AS37963","CN","Hangzhou Alibaba Advertising Co., Ltd.","205","Alibaba.com LLC","1080","socks5","5102","1","2023-08-15T10:37:26.308Z","81","2758","3394"
"117.163.196.152","elite","AS9808","CN","China Mobile communications corporation","285","China Mobile","8123","socks4","3791","1","2023-08-15T10:37:26.311Z","67","2253","3354"
"80.191.169.81","elite","AS58224","IR","Information Technology Company","189","Azad University of Anar","4145","socks4","4091","1","2023-08-15T10:37:23.633Z","90","3118","3457"
"139.60.231.35","elite","AS62642","US","Bigleaf Networks","184","ITDreamwire, LLC","47255","socks4","4898","1","2023-08-15T10:37:23.549Z","99","3323","3372"
"175.101.15.41","elite","AS17754","IN","ExcellMedia Pvt Ltd","154","Excell Media Pvt Ltd","4153","socks4","4397","1","2023-08-15T10:37:17.949Z","99","3344","3367"
"45.86.66.145","elite","AS35913","US","DediPath","190","DediPath LLC","8089","socks5","3904","1","2023-08-15T10:37:17.947Z","73","2511","3436"
"180.183.158.136","elite","AS45629","TH","Triple T Broadband Public Company Limited","197","Triple T Broadband Public Company Limited","5678","socks4","4801","1","2023-08-15T10:37:17.950Z","96","3270","3397"
"36.94.122.18","elite","AS7713","ID","PT. Telekomunikasi Indonesia","295","Telekomunikasi Indonesia","7497","socks5","4712","1","2023-08-15T10:37:17.851Z","85","2904","3406"
"123.120.54.114","elite","AS4808","CN","China Unicom Beijing Province Network","292","N/A","28890","socks4","5097","1","2023-08-15T10:37:17.845Z","72","2438","3389"
"147.182.229.154","elite","AS14061","US","DigitalOcean, LLC","153","DigitalOcean, LLC","7497","socks5","1797","1","2023-08-15T10:37:17.934Z","79","2685","3409"
"43.134.225.110","elite","AS132203","SG","Aceville Pte.ltd","325","N/A","443","socks5","2695","1","2023-08-15T10:37:17.841Z","88","2971","3384"
"64.90.50.227","elite","AS26347","US","New Dream Network, LLC","195","New Dream Network, LLC","55552","socks5","4296","1","2023-08-15T10:37:17.848Z","100","3382","3382"
"47.243.253.113","elite","AS45102","HK","Alibaba (US) Technology Co., Ltd.","303","Alibaba.com LLC","61507","socks4","4598","1","2023-08-15T10:37:17.842Z","66","2236","3404"
"68.183.44.44","elite","AS14061","GB","DigitalOcean, LLC","15","DigitalOcean, LLC","80","socks4","4104","1","2023-08-15T10:37:14.112Z","100","3327","3328"
"184.174.72.235","elite","AS21769","GB","Colocation America Corporation","183","North Coast Hosting","51724","socks4","1804","1","2023-08-15T10:37:14.114Z","99","3384","3422"
"180.183.135.241","elite","AS45629","TH","Triple T Broadband Public Company Limited","193","Triple T Broadband Public Company Limited","1099","socks4","4887","1","2023-08-15T10:37:14.113Z","88","2925","3329"
"103.242.104.243","elite","AS58821","ID","PT Lintas Jaringan Nusantara","191","PT Lintas Jaringan Nusantara","5678","socks4","3183","1","2023-08-15T10:37:14.107Z","99","3395","3435"
"149.20.253.81","elite","AS18615","US","Mainstream Fiber Networks, LLC","101","Mainstream Fiber Networks, LLC","12551","socks4","4898","1","2023-08-15T10:37:14.210Z","100","3367","3372"
"116.202.100.234","elite","AS24940","DE","Hetzner","24","N/A","37435","socks4","4701","1","2023-08-15T10:37:14.108Z","100","3430","3430"
"1.116.73.168","elite","AS45090","CN","China Internet Network Information Center","282","Tencent cloud computing (Beijing) Co., Ltd.","8989","socks5","4898","85","2023-08-15T10:37:14.110Z","81","2777","3410"
"75.176.225.10","elite","AS11426","US","Spectrum","106","Road Runner","33150","socks4","4894","1","2023-08-15T10:37:14.109Z","98","3351","3433"
"121.205.69.243","elite","AS4134","CN","Chinanet","284","Chinanet FJ","21212","socks5","4609","4","2023-08-15T10:37:12.241Z","58","1938","3324"
"188.169.142.196","elite","AS35805","GE","JSC \"Silknet\"","85","UTG MPLS DSL","4145","socks4","4690","87","2023-08-15T10:37:12.334Z","98","3219","3293"
"104.16.105.2","elite","AS13335","CA","Cloudflare, Inc.","2","Cloudflare, Inc","80","socks5","4889","1","2023-08-15T10:37:12.239Z","100","3332","3332"
"157.245.140.55","elite","AS14061","US","DigitalOcean, LLC","83","DigitalOcean, LLC","35965","socks5","4489","2","2023-08-15T10:37:06.352Z","100","3386","3388"
"93.171.224.43","elite","AS211570","UA","PE TV and Radio Company Kentavr-TV","88","PE TV and Radio Company Kentavr-TV","4153","socks4","4895","1","2023-08-15T10:37:06.437Z","99","3392","3417"
"213.231.4.181","elite","AS34661","UA","TOV TRK \"Briz\"","82","Briz","8080","socks4","5015","1","2023-08-15T10:37:06.347Z","100","3325","3339"
"101.51.83.64","elite","AS23969","TH","TOT Public Company Limited","157","TOT Public Company Limited","4145","socks4","902","1","2023-08-15T10:37:06.448Z","53","1773","3318"
"183.81.156.225","elite","AS24527","ID","Internet Service Provider","191","POP Jepara","5678","socks4","4500","1","2023-08-15T10:37:06.434Z","99","3375","3397"
"27.123.3.138","elite","AS45706","ID","PT Tele Globe Global","180","N/A","4145","socks4","2907","1","2023-08-15T10:37:06.348Z","99","3393","3428"
"37.152.163.95","elite","AS198569","IR","Rahanet Zanjan Co. (Private Joint-Stock)","283","Rahanet Zanjan Co.","4153","socks4","2813","1","2023-08-15T10:37:00.815Z","94","3174","3384"
"212.50.19.150","elite","AS8717","BG","Spectrum NET","83","N/A","4153","socks4","4493","1","2023-08-15T10:37:00.744Z","79","2717","3425"
"223.155.121.75","elite","AS4134","CN","Chinanet","283","Chinanet HN","3128","socks4","4000","1","2023-08-15T10:37:00.735Z","80","2728","3427"
"102.66.233.188","elite","AS328471","ZA","HERO TELECOMS (PTY) LTD","293","Herotel","5678","socks4","4924","82","2023-08-15T10:37:00.651Z","20","686","3433"
"207.180.252.79","elite","AS51167","DE","Contabo GmbH","19","Contabo GmbH","54321","socks4","4998","1","2023-08-15T10:37:00.838Z","100","3378","3382"
"177.38.5.230","elite","AS52964","BR","F?BIO MENDES DIAS LTDA ME","207","FÁBIO MENDES DIAS LTDA ME","4153","socks5","1604","1","2023-08-15T10:37:00.807Z","87","2929","3372"
"125.27.251.173","elite","AS23969","TH","TOT Public Company Limited","164","TOT Public Company Limited","33008","socks4","4493","1","2023-08-15T10:37:00.740Z","35","1217","3446"
"203.13.32.236","elite","AS209242","CY","Cloudflare London, LLC","11","Lachtaristo Holdings Limited","80","socks4","4606","1","2023-08-15T10:37:00.808Z","100","3315","3315"
"183.88.74.73","elite","AS45629","TH","Triple T Broadband Public Company Limited","151","Triple T Broadband Public Company Limited","4153","socks4","4207","1","2023-08-15T10:37:00.739Z","85","2861","3360"
"78.90.252.7","elite","AS20911","BG","Surf.net broadband Blgr","36","N/A","4153","socks4","4996","1","2023-08-15T10:37:00.808Z","100","3385","3399"
"103.47.93.193","elite","AS134058","IN","Broban Internet Services Pvt.ltd","194","Broban  PVT Ltd.","1080","socks4","4393","1","2023-08-15T10:37:00.809Z","99","3353","3387"
"198.199.109.36","elite","AS14061","US","DigitalOcean, LLC","199","DigitalOcean, LLC","31049","socks5","3301","1","2023-08-15T10:37:00.815Z","100","3338","3339"
"202.159.19.213","elite","AS9340","ID","PT IndoInternet","185","N/A","443","socks4","4893","1","2023-08-15T10:37:00.737Z","100","3396","3402"
"43.153.177.44","elite","AS132203","JP","Shenzhen Tencent Computer Systems Company Limited","226","Tencent Cloud Computing","443","socks4","2001","1","2023-08-15T10:37:00.809Z","73","2450","3374"
"170.84.205.17","elite","AS52507","AR","Pampacom S.R.L.","284","Pampacom S.R.L","4153","socks4","4898","1","2023-08-15T10:36:54.940Z","100","3401","3418"
"93.119.166.150","elite","AS8926","MD","Moldtelecom SA","56","JSC Moldtelecom S.A.","5678","socks4","4904","2","2023-08-15T10:36:54.850Z","100","3404","3418"
"69.163.165.253","elite","AS26347","US","New Dream Network, LLC","200","New Dream Network, LLC","47876","socks5","5196","1","2023-08-15T10:36:54.934Z","100","3434","3436"
"39.108.139.217","elite","AS37963","CN","Hangzhou Alibaba Advertising Co","217","Aliyun Computing Co., LTD","11188","socks5","4814","1","2023-08-15T10:36:54.937Z","78","2679","3414"
"75.119.201.156","elite","AS26347","US","New Dream Network, LLC","151","New Dream Network, LLC","15745","socks4","4692","2","2023-08-15T10:36:54.847Z","100","3410","3410"
"202.159.35.57","elite","AS9340","ID","PT IndoInternet","168","N/A","443","socks4","4992","1","2023-08-15T10:36:49.250Z","100","3394","3400"
"46.167.238.54","elite","AS16019","CZ","UPC Czech","31","Tkom Plus sro, customers space","5678","socks5","5701","1","2023-08-15T10:36:49.248Z","99","3329","3346"
"104.24.206.207","elite","AS13335","CA","Cloudflare, Inc.","2","Cloudflare, Inc","13335","socks4","5094","82","2023-08-15T10:36:49.249Z","100","3309","3309"
"203.176.141.166","elite","AS38235","KH","Angkor Data Communication","179","Mekongnet","4145","socks4","4215","1","2023-08-15T10:36:49.246Z","100","3389","3399"
"104.255.170.63","elite","AS397373","US","H4Y Technologies LLC","182","N/A","60899","socks5","3606","1","2023-08-15T10:36:49.344Z","100","3419","3428"
"185.220.226.199","elite","AS205585","TR","Noyan Abr Arvan Co. ( Private Joint Stock)","94","Noyan Abr Arvan Co. ( Private Joint Stock)","808","socks4","1216","2","2023-08-15T10:36:49.245Z","86","2875","3340"
"114.69.244.66","elite","AS18002","IN","World Phone Internet Service Pvt. Ltd.","167","N/A","60616","socks4","4916","1","2023-08-15T10:36:47.804Z","99","3390","3421"
"69.163.164.68","elite","AS26347","US","New Dream Network, LLC","197","New Dream Network, LLC","49538","socks4","914","1","2023-08-15T10:36:47.806Z","100","3448","3449"
"45.116.230.79","elite","AS133301","IN","DWANIRINN","156","Dwan Supports P LTD","4673","socks4","3888","1","2023-08-15T10:36:47.805Z","97","3276","3391"
"46.227.36.1","elite","AS51155","PL","Telemedian - TB Telecom","37","Telemedian","1088","socks4","4317","1","2023-08-15T10:36:47.898Z","100","3312","3320"
"185.32.44.222","elite","AS200154","AZ","Izone LLC","76","Izone LLC","4153","socks4","5393","1","2023-08-15T10:36:47.804Z","99","3286","3325"
"202.150.1.87","elite","AS38623","KH","VIETTEL (CAMBODIA) PTE., LTD","229","VIETTEL (CAMBODIA) PTE., LTD","80","socks4","5097","1","2023-08-15T10:36:47.806Z","99","3293","3340"
"174.108.154.1","elite","AS11426","US","Spectrum","109","Fastlink Communications","32940","socks4","4406","1","2023-08-15T10:36:47.802Z","100","3416","3418"
"43.153.30.185","elite","AS132203","US","Shenzhen Tencent Computer Systems Company Limited","186","Tencent Cloud Computing","443","socks5","4593","1","2023-08-15T10:36:43.436Z","62","2112","3408"
"142.44.241.192","elite","AS16276","CA","OVH SAS","85","OVH Hosting, Inc.","7497","socks5","4398","1","2023-08-15T10:36:43.538Z","100","3371","3376"
"195.154.61.36","elite","AS12876","FR","Online SAS","3","N/A","57438","socks5","3089","1","2023-08-15T10:36:43.537Z","51","1713","3368"
"177.85.205.173","elite","AS52554","BR","S. A. da Silva Junior","192","S. A. da Silva Junior","3629","socks4","4699","1","2023-08-15T10:36:37.646Z","46","1568","3431"
"47.113.189.83","elite","AS37963","CN","Hangzhou Alibaba Advertising Co., Ltd.","225","Aliyun Computing Co., LTD","10012","socks4","3588","1","2023-08-15T10:36:37.644Z","70","2361","3363"
"51.79.248.215","elite","AS16276","SG","OVH SAS","162","OVH Singapore PTE. LTD","25693","socks4","4600","1","2023-08-15T10:36:37.739Z","100","3397","3397"
"154.66.108.19","elite","AS37642","LS","Comnet Pty Ltd","191","ISPClients","10081","socks4","3198","1","2023-08-15T10:36:37.648Z","97","3357","3445"
"93.43.193.230","elite","AS12874","IT","Fastweb SpA","82","Fastweb Internet NGA","8080","socks4","4387","1","2023-08-15T10:36:37.647Z","74","2537","3425"
"203.34.28.99","elite","AS209242","VG","Cloudflare London, LLC","12","Anaga Consulting Limited","80","socks4","1802","1","2023-08-15T10:36:37.649Z","100","3355","3357"
"159.223.173.185","elite","AS14061","US","DigitalOcean, LLC","83","DigitalOcean, LLC","58154","socks5","3184","1","2023-08-15T10:36:37.749Z","83","2765","3327"
"157.245.59.71","elite","AS14061","SG","DigitalOcean, LLC","195","DigitalOcean, LLC","42765","socks4","1414","82","2023-08-15T10:36:37.734Z","100","3405","3406"
"203.34.28.148","elite","AS209242","VG","Cloudflare London, LLC","11","Anaga Consulting Limited","80","socks4","4991","1","2023-08-15T10:36:37.651Z","100","3326","3326"
"85.37.200.4","elite","AS3269","IT","Telecom Italia S.p.A.","23","Kayser Italia SRL","5678","socks5","2301","1","2023-08-15T10:36:37.736Z","99","3317","3341"
"38.127.173.150","elite","AS174","US","Cogent Communications","84","Torlandia Trading SRL","11537","socks4","4399","1","2023-08-15T10:36:35.012Z","100","3376","3385"
"213.136.82.183","elite","AS51167","DE","Contabo GmbH","16","Contabo GmbH","43052","socks5","4490","1","2023-08-15T10:36:34.999Z","86","2933","3414"
"1.20.137.82","elite","AS23969","TH","TOT Public Company Limited","153","TOT Mobile Co LTD","32241","socks4","4889","84","2023-08-15T10:36:34.912Z","100","3410","3421"
"111.67.197.147","elite","AS4808","CN","China Unicom Beijing Province Network","295","Beijing yiantianxia Network Science&Technology Co Ltd.","6666","socks5","4699","1","2023-08-15T10:36:34.911Z","73","2516","3427"
"110.77.184.98","elite","AS131090","TH","CAT-BB","187","N/A","4145","socks4","4402","81","2023-08-15T10:36:34.912Z","90","3068","3395"
"41.206.58.150","elite","AS15808","KE","AccessKenya Group","282","Emmes Transport Limited","5678","socks4","5006","1","2023-08-15T10:36:31.643Z","95","3153","3319"
"43.153.170.206","elite","AS132203","JP","Shenzhen Tencent Computer Systems Company Limited","297","Tencent Cloud Computing","13220","socks4","1684","1","2023-08-15T10:36:31.644Z","95","3236","3392"
"202.131.248.107","elite","AS9484","MN","Mobinet LLC","194","Monitoring","1080","socks4","4309","1","2023-08-15T10:36:31.638Z","61","2085","3420"
"159.192.145.153","elite","AS131090","TH","CAT-BB","300","N/A","5678","socks4","4385","1","2023-08-15T10:36:31.648Z","36","1208","3375"
"43.157.50.24","elite","AS132203","DE","Shenzhen Tencent Computer Systems Company Limited","11","Tencent Cloud Computing","443","socks4","4312","1","2023-08-15T10:36:31.743Z","62","2100","3383"
"103.209.230.193","elite","AS135115","BD","WIMS1","190","N/A","4153","socks4","5099","1","2023-08-15T10:36:31.640Z","99","3356","3384"
"119.91.214.119","elite","AS45090","CN","China Internet Network Information Center","296","Tencent cloud computing (Beijing) Co., Ltd.","3389","socks5","2602","1","2023-08-15T10:36:31.647Z","79","2655","3367"
"177.80.38.207","elite","AS28573","BR","Claro NXT Telecomunicacoes Ltda","294","Claro NXT Telecomunicacoes Ltda","4153","socks4","4702","1","2023-08-15T10:36:26.435Z","48","1634","3411"
"138.219.50.170","elite","AS263933","BR","Sistem Telecom","295","Sistem Telecom","4145","socks4","4795","1","2023-08-15T10:36:26.438Z","99","3389","3427"
"195.201.19.84","elite","AS24940","DE","Hetzner Online GmbH","15","Hetzner","443","socks4","2107","1","2023-08-15T10:36:26.350Z","99","3270","3293"
"206.72.206.45","elite","AS19318","US","Interserver, Inc","76","Interserver, Inc","1080","socks5","4689","1","2023-08-15T10:36:26.454Z","97","3262","3378"
"106.75.171.132","elite","AS136958","CN","UCLOUD","214","Shanghai UCloud Information Technology Company Limited","3000","socks5","4700","1","2023-08-15T10:36:26.442Z","76","2596","3430"
"43.225.163.209","elite","AS133001","IN","Airnet Cable And Datacom Pvt Ltd","194","AIRNETNETWORKS","4153","socks4","141","1","2023-08-15T10:36:21.512Z","99","3393","3436"
"187.115.160.253","elite","AS18881","BR","TELEFÔNICA BRASIL S.A","190","Global Village Telecom","3629","socks4","4498","1","2023-08-15T10:36:21.500Z","49","1664","3417"
"60.12.77.43","elite","AS4837","CN","CNC Group CHINA169 Zhejiang Province Network","209","N/A","7302","socks5","4609","2","2023-08-15T10:36:21.414Z","70","2390","3399"
"102.66.237.19","elite","AS328471","ZA","HERO TELECOMS (PTY) LTD","207","Herotel","5678","socks4","4198","2","2023-08-15T10:36:21.412Z","70","2372","3395"
"197.234.13.60","elite","AS36902","SC","Intelvision","179","Intelvision Ltd","4145","socks4","3406","2","2023-08-15T10:36:21.411Z","100","3350","3362"
"192.3.54.198","elite","AS36352","US","ColoCrossing","98","RackNerd LLC","3128","socks4","4917","1","2023-08-15T10:36:21.500Z","100","3439","3439"
"68.183.111.115","elite","AS14061","US","DigitalOcean, LLC","86","DigitalOcean, LLC","13428","socks4","4701","1","2023-08-15T10:36:20.842Z","86","2892","3364"
"192.12.113.255","elite","AS61942","BR","Turbonet Telecom Ltda","191","Turbonet Telecom Ltda","4145","socks4","2097","1","2023-08-15T10:36:20.844Z","75","2521","3380"
"123.25.116.228","elite","AS45899","VN","VietNam Post and Telecom Corporation","220","Vietnam Posts and Telecommunications Group","1080","socks4","5098","1","2023-08-15T10:36:20.850Z","89","3036","3426"
"202.91.186.129","elite","AS4808","CN","China Unicom Beijing Province Network","298","Beijing Sunway Xunteng Technology Development Co., Ltd","4145","socks4","3410","1","2023-08-15T10:36:15.439Z","83","2777","3364"
"110.78.149.43","elite","AS131090","TH","CAT-BB","199","N/A","4145","socks4","2906","1","2023-08-15T10:36:15.440Z","78","2602","3356"
"185.46.60.108","elite","AS15836","MD","Arax-Impex s.r.l.","53","N/A","5678","socks4","3193","1","2023-08-15T10:36:15.443Z","100","3409","3410"
"89.216.52.217","elite","AS31042","RS","Serbia Broadband","31","N/A","4153","socks4","4910","1","2023-08-15T10:36:15.437Z","100","3372","3380"
"89.237.34.13","elite","AS20485","RU","multi-origin SUTTK","85","N/A","51549","socks4","148","1","2023-08-15T10:36:08.513Z","99","3367","3403"
"217.115.115.252","elite","AS30900","IE","Sternforth Ltd. trading as WebWorld","23","Webworld","56792","socks5","4398","1","2023-08-15T10:36:08.600Z","95","3258","3441"
"182.53.129.113","elite","AS23969","TH","TOT Public Company Limited","156","TOT Public Company Limited","5678","socks4","1007","1","2023-08-15T10:36:08.514Z","46","1545","3389"
"200.54.28.123","elite","AS16629","CL","TEEMSR-LACNIC","283","Indap Talca Internet","5678","socks4","3706","1","2023-08-15T10:36:08.599Z","99","3380","3398"
"1.179.242.33","elite","AS23969","TH","TOT Public Company Limited","199","TOT Public Company Limited","4145","socks4","3691","1","2023-08-15T10:36:08.600Z","84","2903","3442"
"104.16.107.142","elite","AS13335","CA","Cloudflare, Inc.","2","Cloudflare, Inc","80","socks4","5192","1","2023-08-15T10:36:07.550Z","100","3405","3406"
"71.163.238.129","elite","AS701","US","Verizon Business","84","Verizon Business","1236","socks4","4006","1","2023-08-15T10:36:07.545Z","100","3315","3320"
"94.142.142.140","elite","AS209641","RU","I-servers LTD","84","I-servers LTD","3128","socks4","4694","1","2023-08-15T10:36:02.649Z","100","3392","3402"
"202.4.107.69","elite","AS23956","BD","dhakaCom Limited","181","DhakaCom Limited","5678","socks4","4805","2","2023-08-15T10:36:02.633Z","98","3381","3451"
"176.98.95.105","elite","AS41096","UA","TOV TV&Radio Company 'TIM'","51","TOV TV&Radio Company 'TIM'","30759","socks4","3700","1","2023-08-15T10:36:02.647Z","96","3277","3429"
"212.79.107.116","elite","AS8251","CZ","Neutral czFree eXchange members","39","Heaven - CZFree.Net, spol. s r.o.","5678","socks4","3909","1","2023-08-15T10:36:02.550Z","99","3346","3386"
"103.12.246.129","elite","AS134941","IN","Instant Cable Network PVT LTD","159","Instant Cable Network PVT LTD","4145","socks4","4703","1","2023-08-15T10:36:02.635Z","99","3404","3435"
"37.186.242.183","elite","AS12874","IT","Fastweb Networks","38","N/A","8080","socks4","5017","1","2023-08-15T10:36:02.636Z","92","3141","3428"
"104.17.197.90","elite","AS13335","CA","Cloudflare, Inc.","2","Cloudflare, Inc","2057","socks5","3009","1","2023-08-15T10:36:02.543Z","100","3296","3296"
"172.67.255.224","elite","AS13335","CA","Cloudflare, Inc.","2","Cloudflare, Inc.","80","socks5","4008","1","2023-08-15T10:35:57.136Z","100","3353","3353"
"138.94.190.138","elite","AS28343","BR","Unifique Telecomunica??es SA","287","Unifique Telecomunicações SA","8080","socks5","4999","2","2023-08-15T10:35:57.050Z","100","3378","3388"
"120.24.52.179","elite","AS37963","CN","Hangzhou Alibaba Advertising Co","292","Aliyun Computing Co., LTD","3128","socks5","4706","1","2023-08-15T10:35:57.049Z","79","2674","3390"
"47.106.21.38","elite","AS37963","CN","Hangzhou Alibaba Advertising Co","282","Aliyun Computing Co., LTD","7891","socks5","4492","1","2023-08-15T10:35:57.048Z","76","2544","3355"
"103.66.233.173","elite","AS134014","IN","NET 4 U SERVICES","127","N/A","4145","socks4","4714","1","2023-08-15T10:35:57.045Z","99","3402","3427"
"197.234.13.36","elite","AS36902","SC","Intelvision","194","Intelvision Ltd","4145","socks4","1003","1","2023-08-15T10:35:57.134Z","100","3289","3302"
"92.222.237.95","elite","AS16276","FR","OVH SAS","6","LCC LCC","8898","socks4","4587","1","2023-08-15T10:35:54.815Z","100","3416","3416"
"110.11.37.83","elite","AS9318","KR","SK Broadband Co Ltd","300","SK Broadband Co Ltd","1080","socks4","4896","1","2023-08-15T10:35:54.813Z","100","3419","3428"
"85.159.210.237","elite","AS63949","GB","Akamai Technologies, Inc.","10","Linode","37093","socks4","4714","1","2023-08-15T10:35:54.912Z","91","3060","3365"
"118.174.46.147","elite","AS131293","TH","TOT Public Company Limited","163","TOT Public Company Limited","45764","socks4","4600","2","2023-08-15T10:35:54.819Z","97","3320","3406"
"45.251.231.113","elite","AS59362","BD","KS Network","215","Nazmul Karim Bhuiyan","5678","socks4","5109","1","2023-08-15T10:35:54.818Z","99","3401","3432"
"151.238.140.95","elite","AS43395","IR","Pooya Parto Qeshm Cooperative Company","188","Shtl DSL THR","4145","socks4","2904","1","2023-08-15T10:35:54.812Z","97","3214","3305"
"154.113.161.145","elite","AS37282","NG","Mainone Cable Company","197","Mainone Cable Company","5678","socks4","4995","1","2023-08-15T10:35:54.818Z","100","3291","3301"
"202.6.225.92","elite","AS23756","ID","PT Padi Internet","289","N/A","1080","socks5","4403","1","2023-08-15T10:35:51.547Z","79","2618","3329"
"178.154.228.16","elite","AS200350","RU","Yandex Cloud","47","N/A","9050","socks5","1493","1","2023-08-15T10:35:51.537Z","100","3399","3400"
"190.0.22.34","elite","AS13489","CO","EPM Telecomunicaciones S.A. E.S.P.","148","EPM Telecomunicaciones S.A. E.S.P","61155","socks4","4696","1","2023-08-15T10:35:51.545Z","99","3377","3416"
"211.174.114.225","elite","AS4766","KR","Netropy","283","seoulfnf","4153","socks4","5001","1","2023-08-15T10:35:51.536Z","100","3392","3401"
"103.240.33.177","elite","AS132923","IN","Vihaan Telecommunication Pvt. Ltd.","120","Vihaan","8291","socks4","3110","1","2023-08-15T10:35:51.546Z","99","3399","3436"
"185.32.47.193","elite","AS200154","AZ","Izone LLC","71","BossNet LLC","4153","socks4","4300","1","2023-08-15T10:35:51.534Z","100","3428","3437"
"5.189.129.137","elite","AS51167","DE","Contabo GmbH","17","Contabo GmbH","8080","socks4","3799","2","2023-08-15T10:35:51.639Z","100","3338","3342"
"153.99.224.114","elite","AS4837","CN","CHINA UNICOM China169 Backbone","205","Unicom JS","1080","socks5","4505","1","2023-08-15T10:35:45.548Z","82","2745","3333"
"103.66.233.225","elite","AS134014","IN","NET 4 U SERVICES","189","N/A","4145","socks4","5093","1","2023-08-15T10:35:45.540Z","99","3387","3412"
"65.108.57.128","elite","AS24940","FI","Hetzner Online GmbH","37","Hetzner Online GmbH","10001","socks5","500","1","2023-08-15T10:35:45.543Z","100","3313","3313"
"62.112.8.131","elite","AS49981","NL","WorldStream B.V.","14","Worldstream","30415","socks4","4989","1","2023-08-15T10:35:45.549Z","85","2895","3392"
"125.141.139.110","elite","AS4766","KR","Korea Telecom","227","KORNET","5566","socks5","4801","1","2023-08-15T10:35:42.000Z","80","2728","3403"
"171.5.13.78","elite","AS45629","TH","Triple T Broadband Public Company Limited","175","Triple T Broadband Public Company Limited","4145","socks4","4193","1","2023-08-15T10:35:42.003Z","99","3308","3335"
"104.17.166.210","elite","AS13335","CA","Cloudflare, Inc.","3","Cloudflare, Inc","80","socks4","515","1","2023-08-15T10:35:42.002Z","100","3418","3418"
"218.2.112.243","elite","AS4134","CN","China Telecom","294","Nanjing Forest Police University","80","socks5","1885","84","2023-08-15T10:35:41.998Z","82","2777","3383"
"103.113.152.58","elite","AS45766","BD","Md Ziaul Huque","200","N/A","5678","socks4","910","1","2023-08-15T10:35:41.999Z","98","3341","3394"
"149.202.172.226","elite","AS16276","FR","OVH SAS","6","OVH","8080","socks4","4698","1","2023-08-15T10:35:40.338Z","100","3361","3362"
"58.84.56.19","elite","AS134269","IN","Net Solutions","196","Net Solutions","4153","socks4","4999","1","2023-08-15T10:35:40.237Z","94","3173","3392"
"147.182.228.141","elite","AS14061","US","DigitalOcean, LLC","190","DigitalOcean, LLC","12345","socks5","2807","1","2023-08-15T10:35:34.444Z","93","3145","3393"
"81.12.104.35","elite","AS42337","IR","Respina Networks & Beyond PJSC","124","Respina Networks","3629","socks4","3406","1","2023-08-15T10:35:34.445Z","99","3271","3293"
"201.144.20.231","elite","AS8151","MX","UNINET","196","Gestión de direccionamiento UniNet","5678","socks4","5293","1","2023-08-15T10:35:29.000Z","98","3368","3454"
"62.179.9.19","elite","AS6830","PL","UPC Poland","80","N/A","5678","socks5","4606","1","2023-08-15T10:35:29.098Z","100","3366","3374"
"103.117.108.169","elite","AS137935","BD","I Link Internet Service (I.T)","157","I Link Internet Service (I.T)","4153","socks4","2209","1","2023-08-15T10:35:28.918Z","99","3268","3303"
"102.66.237.29","elite","AS328471","ZA","HERO TELECOMS (PTY) LTD","207","Herotel","5678","socks4","2200","82","2023-08-15T10:35:28.751Z","63","2132","3375"
"170.82.231.253","elite","AS266458","BR","Megganet Internet E Informatica Ltda","165","Megganet Internet E Informatica Ltda","4153","socks4","3101","1","2023-08-15T10:35:28.835Z","99","3341","3365"
"46.227.37.37","elite","AS51155","PL","Telemedian - TB Telecom","37","Telemedian","1088","socks4","4483","1","2023-08-15T10:35:28.935Z","99","3382","3399"
"192.95.30.98","elite","AS16276","CA","OVH SAS","87","OVH Hosting, Inc.","63523","socks5","2203","1","2023-08-15T10:35:28.934Z","100","3403","3410"
"212.174.44.22","elite","AS9121","TR","Turk Telekomunikasyon Anonim Sirketi","76","Sonet Internet Erisim Hizmetleri","1080","socks4","4996","1","2023-08-15T10:35:28.937Z","41","1402","3434"
"103.58.75.24","elite","AS134204","BD","BUSINESSNETWORK","211","N/A","5678","socks4","5190","1","2023-08-15T10:35:28.853Z","84","2889","3450"
"34.64.4.97","elite","AS139070","SG","Google Asia Pacific Pte. Ltd.","298","Google LLC","80","socks5","5097","82","2023-08-15T10:35:28.998Z","100","3267","3267"
"165.227.66.216","elite","AS14061","US","DigitalOcean, LLC","82","DigitalOcean, LLC","33636","socks4","3800","1","2023-08-15T10:35:23.135Z","100","3333","3342"
"177.136.182.110","elite","AS263595","BR","ALB Internet & Informatica Ltda - ME","199","ALB Internet & Informatica Ltda - ME","5678","socks4","4808","1","2023-08-15T10:35:23.041Z","100","3387","3403"
"43.153.58.204","elite","AS132203","US","Shenzhen Tencent Computer Systems Company Limited","198","Tencent Cloud Computing","443","socks4","5011","1","2023-08-15T10:35:23.037Z","78","2655","3395"
"177.12.178.249","elite","AS263033","BR","Linxbr Telecomunicacoes Ltda","193","Linkli Telecomunicacoes Ltda","4153","socks4","138","1","2023-08-15T10:35:23.038Z","100","3361","3367"
"103.31.84.122","elite","AS7642","MV","Dhiraagu Pvt.Ltd","188","Dhivehi Raajjeyge Gulhun Plc","1080","socks4","4800","1","2023-08-15T10:35:23.039Z","100","3442","3456"
"103.95.197.233","elite","AS135918","VN","Viet Digital Technology Liability Company","240","DVS","9050","socks5","5091","2","2023-08-15T10:35:22.950Z","97","3259","3356"
"38.127.172.167","elite","AS174","US","Cogent Communications","84","Torlandia Trading SRL","46656","socks4","4504","1","2023-08-15T10:35:17.447Z","100","3339","3344"
"201.103.115.26","elite","AS8151","MX","Uninet S.A. de C.V.","196","UNINET","3128","socks4","4788","1","2023-08-15T10:35:17.346Z","80","2658","3309"
"174.139.46.100","elite","AS4213","US","Krypt Technologies","148","Krypt Technologies","58841","socks4","1109","86","2023-08-15T10:35:17.347Z","76","2547","3364"
"104.129.199.34","elite","AS22616","US","ZSCALER, INC.","153","Zscaler, Inc.","8800","socks4","4397","1","2023-08-15T10:35:17.351Z","97","3283","3381"
"186.226.171.94","elite","AS53180","BR","Infortel Comunicacoes Ltda","190","Infortel Comunicacoes Ltda","1080","socks4","2215","1","2023-08-15T10:35:17.435Z","99","3348","3390"
"202.44.228.79","elite","AS4618","TH","Internet Thailand Company Ltd.","197","Internet Thailand Company Limited","4153","socks4","4795","1","2023-08-15T10:35:17.449Z","27","935","3422"
"114.234.106.166","elite","AS4134","CN","Chinanet","292","Chinanet JS","5678","socks4","4687","1","2023-08-15T10:35:17.344Z","78","2698","3453"
"61.7.183.101","elite","AS131090","TH","CAT Telecom Public Company Limited","194","National Telecom Public Company Limited","4145","socks4","4808","2","2023-08-15T10:35:16.108Z","90","3020","3352"
"182.53.129.70","elite","AS23969","TH","TOT Public Company Limited","190","TOT Public Company Limited","5678","socks4","4717","1","2023-08-15T10:35:16.110Z","41","1412","3438"
"2.139.2.212","elite","AS3352","ES","RIMA (Red IP Multi Acceso)","22","N/A","4145","socks4","3232","2","2023-08-15T10:35:16.106Z","98","3345","3405"
"82.202.196.126","elite","AS50340","RU","OOO \"Network of data-centers \"Selectel\"","48","N/A","9050","socks5","4992","3","2023-08-15T10:35:16.107Z","100","3408","3408"
"38.127.179.124","elite","AS174","US","Cogent Communications","86","Torlandia Trading SRL","15290","socks4","4000","1","2023-08-15T10:35:16.215Z","100","3360","3365"
"95.79.99.159","elite","AS42682","RU","JSC \"ER-Telecom Holding\"","52","JSC \"ER-Telecom Holding\" Nizhny Novgorod","44068","socks4","900","3","2023-08-15T10:35:16.216Z","99","3297","3318"
"172.105.26.80","elite","AS63949","CA","Akamai Technologies","93","Linode","24817","socks4","2006","1","2023-08-15T10:35:16.198Z","97","3238","3334"
"51.254.32.143","elite","AS16276","FR","OVH SAS","12","OVH","80","socks5","1509","81","2023-08-15T10:35:16.200Z","100","3306","3306"
"51.75.247.54","elite","AS16276","FR","OVH SAS","6","OVH","29237","socks5","4990","1","2023-08-15T10:35:11.842Z","99","3318","3356"
"202.79.34.96","elite","AS17501","NP","WorldLink Communications","141","N/A","5678","socks4","3295","1","2023-08-15T10:35:11.844Z","99","3363","3403"